City,Country,Latitude,Longitude,Max Temp,Humidity,Cloudiness,Wind Speed
avarua,CK,-21.21,-159.78,75.2,57,95,6.93
port alfred,ZA,-33.59,26.89,53.04,43,47,5.7
salalah,OM,17.02,54.09,80.6,94,75,3.36
fez,MA,34.04,-5,82.4,45,0,10.29
talnakh,RU,69.49,88.4,48.2,93,75,8.95
alta floresta,BR,-9.88,-56.09,72.16,41,0,2.66
rikitea,PF,-23.12,-134.97,74.37,85,100,9.08
constitucion,CL,-35.33,-72.42,52.5,85,22,7.65
laguna,US,38.42,-121.42,93.2,28,1,9.17
cabedelo,BR,-6.98,-34.83,73.4,94,20,5.82
vila franca do campo,PT,37.72,-25.43,68,68,75,10.29
puerto ayora,EC,-0.74,-90.35,68,87,87,5.99
port macquarie,AU,-31.43,152.92,62.01,59,4,19.46
honningsvag,NO,70.98,25.97,50.63,84,100,4.25
yellowknife,CA,62.46,-114.35,63,63,75,14.99
thinadhoo,MV,0.53,72.93,84.47,68,100,5.14
carnarvon,AU,-24.87,113.63,69.8,56,90,9.17
burica,NA,NA,NA,NA,NA,NA,NA
illoqqortoormiut,NA,NA,NA,NA,NA,NA,NA
buhovo,BG,42.77,23.57,62.6,67,75,5.82
dikson,RU,73.51,80.55,40.19,96,100,4.99
port elizabeth,ZA,-33.92,25.57,42.8,87,1,4.7
velikooktyabrskiy,RU,57.43,33.82,52.81,97,100,10.33
sitka,US,57.05,-135.33,62.6,77,90,5.82
bluff,NZ,-46.6,168.33,44.89,76,21,12.53
touros,BR,-5.2,-35.46,75.2,94,40,4.7
kasama,ZM,-10.21,31.18,52.29,46,0,8.46
mayo,US,38.89,-76.51,82.4,74,1,19.46
zhangye,CN,38.93,100.45,73.81,44,100,10.58
albany,US,42.6,-73.97,79,62,40,3.4
beira,MZ,-19.84,34.84,68,64,75,19.46
vaini,TO,-21.2,-175.2,77,78,75,10.29
inirida,CO,3.87,-67.92,73.71,93,100,1.59
pundri,IN,29.75,76.55,88.88,56,66,11.72
nikolskoye,RU,59.7,30.79,59,72,20,8.95
hithadhoo,MV,-0.6,73.08,83.77,72,100,4.94
kondagaon,IN,19.6,81.67,73.63,93,76,4.25
ilulissat,GL,69.22,-51.1,46.4,70,69,3.36
cape town,ZA,-33.93,18.42,43,87,0,1.12
nuuk,GL,64.18,-51.72,48.2,66,40,6.93
kodiak,US,57.79,-152.41,69.8,52,20,5.82
pearl,US,32.27,-90.13,91.4,69,75,20.8
mataura,NZ,-46.19,168.86,44.24,75,30,3.06
kavieng,PG,-2.57,150.8,84.69,65,7,3.83
medveda,RU,56.51,92.41,57.2,71,5,6.71
vila do maio,CV,15.13,-23.22,77,78,20,6.93
arraias,BR,-12.93,-46.94,70.02,40,0,6.11
saleaula,NA,NA,NA,NA,NA,NA,NA
moerai,PF,-22.43,-151.33,69.82,80,100,20.04
boyolangu,ID,-8.12,111.89,76.82,82,87,8.01
nirmali,IN,26.32,86.58,81.81,84,40,9.46
khatanga,RU,71.97,102.5,54.64,77,100,9.91
ushuaia,AR,-54.8,-68.3,28.4,86,0,10.29
adre,TD,13.47,22.2,71.78,88,100,11.81
paldiski,EE,59.36,24.05,57.2,82,100,5.82
tombouctou,ML,20,-3,94.89,33,100,18.54
katunino,RU,64.39,40.63,48.2,93,20,6.71
kaitangata,NZ,-46.28,169.85,46.99,76,39,1.99
yulara,AU,-25.24,130.99,50,39,0,5.82
new norfolk,AU,-42.78,147.06,46.99,87,97,0.69
miles city,US,46.41,-105.84,82.4,17,1,12.75
jamestown,US,42.1,-79.24,78.8,47,1,4.7
lagoa,PT,39.05,-27.98,68.27,81,100,13.49
ballater,GB,57.05,-3.04,55,74,100,5.99
garowe,SO,8.41,48.48,77.94,61,80,24.38
pimentel,PE,-6.84,-79.93,62.17,89,31,12.93
punta arenas,CL,-53.15,-70.92,33.8,86,1,4.7
chiredzi,ZW,-21.05,31.67,50.83,87,0,7.23
gizo,SB,-8.1,156.84,83.88,73,86,11.63
saldanha,ZA,-33.01,17.94,46.4,70,0,2.24
camacha,PT,33.08,-16.33,68,72,75,10.29
thompson,CA,55.74,-97.86,62.6,93,75,10.29
sur,OM,22.57,59.53,86.07,61,100,6.22
tsihombe,NA,NA,NA,NA,NA,NA,NA
grand river south east,NA,NA,NA,NA,NA,NA,NA
sibolga,ID,1.74,98.78,79.03,79,0,2.86
castro,BR,-24.79,-50.01,49.66,93,0,6.67
vaitupu,NA,NA,NA,NA,NA,NA,NA
verkhniye tatyshly,RU,56.29,55.86,67.8,77,0,7.43
hofn,IS,64.25,-15.21,51.22,92,100,13.71
santa rosa,PH,14.31,121.11,87.01,72,26,1.01
severo-kurilsk,RU,50.68,156.12,53.94,86,92,6.85
mehamn,NO,71.04,27.85,55.29,70,62,7.18
nanortalik,GL,60.14,-45.24,42.51,88,10,7.92
pucallpa,PE,-8.38,-74.55,75.2,88,75,3.36
porto santo,PT,33.07,-16.34,68,72,75,10.29
saint george,US,37.1,-113.58,104,10,1,14.99
bukama,CD,-9.2,25.85,66.58,29,73,2.77
riyadh,SA,24.69,46.72,95,17,0,5.82
vardo,NO,70.37,31.11,54.45,69,0,10.13
busselton,AU,-33.65,115.33,61,95,14,21.74
lysa hora,UA,48.17,31.11,56.97,79,0,1.88
georgetown,MY,5.41,100.34,80.6,100,20,2.24
barrow,US,71.29,-156.79,44.6,75,1,9.17
norman wells,CA,65.28,-126.83,77,38,75,8.05
taolanaro,NA,NA,NA,NA,NA,NA,NA
chuy,UY,-33.7,-53.46,41.49,74,0,3.91
hilo,US,19.73,-155.09,84.2,62,20,9.17
codrington,AU,-38.27,141.97,50.86,77,0,5.19
gat,IL,31.61,34.76,75,71,1,0.45
sinop,TR,41.77,34.87,62.69,88,100,2.42
irmo,US,34.09,-81.18,87.8,55,75,6.93
ribeira grande,PT,38.52,-28.7,69.42,81,100,3.83
sedalia,US,38.7,-93.23,79,65,1,12.75
wajid,SO,3.81,43.25,72.72,74,100,17.74
pointe-noire,CG,-4.78,11.86,71.6,88,26,2.24
krasnoselkup,RU,65.7,82.47,54.91,96,100,7.56
port lincoln,AU,-34.73,135.87,57.67,70,0,8.08
bossangoa,CF,6.49,17.46,69.71,94,100,2.42
lander,US,42.83,-108.73,87.8,10,1,3.36
arraial do cabo,BR,-22.97,-42.03,67.53,73,98,9.78
chokurdakh,RU,70.63,147.92,37.67,91,100,12.59
marsh harbour,BS,26.54,-77.06,84.07,71,3,7.52
upernavik,GL,72.79,-56.15,42.39,90,49,1.32
price,US,39.6,-110.81,93.2,12,1,12.75
hanzhong,CN,33.07,107.03,70.41,87,99,0.78
tumut,AU,-35.3,148.22,49.35,62,0,3.02
oxapampa,PE,-10.58,-75.4,59.2,90,99,1.5
hermanus,ZA,-34.42,19.23,44.01,84,25,6.08
esperance,AU,-33.87,121.9,50,76,0,14.99
brumado,BR,-14.2,-41.67,69.55,61,23,6.17
conceicao do araguaia,BR,-8.26,-49.26,75.76,45,0,1.95
kapaa,US,22.08,-159.32,82.4,69,20,11.41
koumac,NC,-20.57,164.28,72.09,51,0,8.3
hobart,AU,-42.88,147.33,48,81,75,5.82
ongandjera,NA,-17.88,15.07,53.02,36,0,15.28
faanui,PF,-16.48,-151.75,78.3,85,10,15.57
vila velha,BR,-20.33,-40.29,69.01,94,90,9.17
karpathos,GR,35.51,27.21,73.4,69,0,29.97
yarmouth,US,41.71,-70.23,66.2,72,1,5.82
qaanaaq,GL,77.48,-69.36,41.7,84,100,3.76
lahad datu,MY,5.03,118.33,82.69,71,100,1.74
takab,IR,36.4,47.11,58.35,65,0,3.91
nkan,GA,0.38,9.78,77,83,75,6.93
faya,SA,18.39,42.45,75.2,27,40,4.7
mokrous,RU,51.23,47.52,61.23,81,24,1.59
tual,ID,-5.67,132.75,78.94,85,10,19.98
mar del plata,AR,-38,-57.56,46.99,80,0,6.93
anadyr,RU,64.75,177.48,57.2,82,20,15.66
kalmunai,LK,7.42,81.82,79.97,80,100,8.79
paita,PE,-5.09,-81.11,63.09,84,0,12.64
pisco,PE,-13.7,-76.22,60.8,87,90,5.82
coquimbo,CL,-29.95,-71.34,53.6,76,90,3.36
ostrovnoy,RU,68.05,39.51,51.37,75,0,9.66
meadow lake,US,34.8,-106.54,84.2,26,75,26.4
bambous virieux,MU,-20.34,57.76,68,88,75,11.41
mys shmidta,NA,NA,NA,NA,NA,NA,NA
bolshegrivskoye,NA,NA,NA,NA,NA,NA,NA
caramay,PH,10.18,119.24,84.4,70,99,1.07
acarau,BR,-2.89,-40.12,76.77,82,0,12.35
stawell,AU,-37.05,142.77,49.77,73,0,6.71
marijampole,LT,54.57,23.35,51.8,81,0,2.24
kuching,MY,1.55,110.33,77,94,20,2.24
skelleftea,SE,64.75,20.95,48.2,100,2,2.24
katsuura,JP,35.13,140.3,71.01,81,100,3
pevek,RU,69.7,170.31,45.18,87,100,2.04
fare,PF,-16.7,-151.02,79.36,80,74,14
conde,BR,-7.26,-34.91,73.4,94,20,5.82
marsa matruh,EG,31.35,27.25,75,71,0,9.57
provideniya,RU,64.38,-173.3,50,81,90,11.18
esil,KZ,51.96,66.4,67.6,61,0,7.78
kysyl-syr,RU,63.9,122.76,79.56,42,100,5.84
puerto escondido,MX,15.85,-97.07,84.2,74,75,1.95
itarema,BR,-2.92,-39.92,76.89,81,6,12.75
malayal,PH,7.21,121.94,83.95,71,100,2.55
clyde river,CA,70.47,-68.59,62.6,45,1,13.87
kazalinsk,NA,NA,NA,NA,NA,NA,NA
gangotri,NA,NA,NA,NA,NA,NA,NA
buqayq,NA,NA,NA,NA,NA,NA,NA
saint-philippe,RE,-21.36,55.77,69.8,63,37,5.82
dudinka,RU,69.41,86.18,48.2,93,75,8.95
gannan,CN,47.91,123.5,89.71,37,24,7.29
kruisfontein,ZA,-34,24.73,43.14,60,81,4.09
omboue,GA,-1.57,9.26,71.49,89,100,2.86
esna,EG,25.29,32.55,84.79,18,0,12.48
khlevnoye,RU,52.2,39.09,55.4,76,100,8.95
dom pedro,BR,-4.48,-44.45,74.39,75,5,2.53
attawapiskat,NA,NA,NA,NA,NA,NA,NA
sao joao da barra,BR,-21.64,-41.05,68.14,78,100,9.06
bethel,US,41.37,-73.41,72,73,1,6.93
zhigansk,RU,66.77,123.37,70.56,51,0,1.5
saskylakh,RU,71.92,114.08,64.81,40,95,19.64
hoyanger,NO,61.22,6.07,55.4,93,16,2.42
dumai,ID,1.68,101.45,75.79,92,71,1.19
ozgon,NA,NA,NA,NA,NA,NA,NA
narsaq,GL,60.92,-46.05,51.8,66,2,4.7
hasaki,JP,35.73,140.83,70,88,75,8.05
beringovskiy,RU,63.05,179.32,57.69,70,0,3.31
orangeburg,US,33.49,-80.86,84.99,74,1,5.82
leningradskiy,RU,69.38,178.42,47.48,74,100,15.99
champerico,GT,14.3,-91.92,82.94,69,5,1.97
tiksi,RU,71.69,128.87,37.27,85,58,21.25
ponta do sol,PT,32.67,-17.1,69.8,68,20,10.29
ponnani,IN,10.77,75.93,75.2,88,90,3.36
bredasdorp,ZA,-34.53,20.04,35.6,93,10,3.36
sentyabrskiy,NA,NA,NA,NA,NA,NA,NA
lompoc,US,34.64,-120.46,66.2,68,4,14.99
ust-nera,RU,64.57,143.2,65.62,43,85,3.06
fort nelson,CA,58.81,-122.7,71.6,43,75,4.7
tuktoyaktuk,CA,69.45,-133.04,59,58,75,9.17
karlstad,SE,59.38,13.5,57.99,100,99,3.69
torbay,CA,47.67,-52.73,50,100,90,13.87
agadez,NE,19.75,10.25,82.87,15,0,6.55
zhaozhou,CN,45.68,125.32,86.76,46,89,8.12
sangar,RU,63.92,127.47,74.43,43,29,7.16
san cristobal,VE,7.77,-72.22,66.25,92,98,2.84
toliary,NA,NA,NA,NA,NA,NA,NA
artyom,AZ,40.47,50.33,75.2,73,0,6.93
luderitz,NA,-26.65,15.16,73.4,12,0,23.04
khamgaon,IN,20.68,76.57,76.75,91,85,3.02
tevriz,RU,57.51,72.4,67.68,84,5,6.46
guerrero negro,MX,27.98,-114.06,72.82,65,15,20.83
east london,ZA,-33.02,27.91,54.36,46,0,5.32
amderma,NA,NA,NA,NA,NA,NA,NA
tuatapere,NZ,-46.13,167.68,42.44,71,34,3.22
fria,GN,10.42,-13.58,71.29,100,100,5.03
berbera,SO,10.44,45.01,89.73,44,100,28.9
mezen,RU,65.85,44.24,44.91,82,100,5.97
darnah,LY,32.77,22.64,74.12,78,0,14.63
almaty,KZ,43.25,76.95,72.03,33,2,2.37
marovoay,MG,-16.1,46.63,68,94,0,3.36
tahe,CN,52.33,124.73,85.01,44,100,5.17
kieta,PG,-6.22,155.63,84.85,68,6,4.59
lugovoy,KZ,42.95,72.76,70.79,41,0,2.26
victoria,HK,22.29,114.16,90,70,58,13
garmsar,IR,35.22,52.34,75.02,40,42,3.27
butaritari,KI,3.07,172.79,82.58,75,100,12.95
kamaishi,JP,39.27,141.88,62.6,93,75,2.24
airai,TL,-8.93,125.41,66.6,71,55,5.17
makokou,GA,0.57,12.86,68.88,96,100,2.17
okhotsk,RU,59.38,143.3,60.08,86,91,7.76
carthage,TN,36.86,10.33,73.4,64,40,2.24
rosario oeste,BR,-14.84,-56.43,76.82,36,0,2.73
sao filipe,CV,14.9,-24.5,75.22,87,61,6.17
hamilton,US,39.18,-84.53,86,58,1,3.36
kuryk,KZ,43.2,51.65,83.41,55,92,17.18
labuhan,ID,-6.88,112.21,79.03,81,17,6.69
amudat,UG,1.95,34.95,65.86,81,90,1.12
kahului,US,20.89,-156.47,87.8,45,40,20.8
tautira,PF,-17.73,-149.15,78.8,83,75,8.05
changli,CN,39.7,119.15,89.82,39,0,7.4
chamba,IN,32.57,76.13,73.36,61,0,2.42
barentsburg,NA,NA,NA,NA,NA,NA,NA
musoma,TZ,-1.5,33.8,70.7,66,100,6.62
puri,IN,19.8,85.85,78.8,94,40,16.4
ormara,PK,25.21,64.64,84.43,78,75,8.79
haflong,IN,25.18,93.03,75.72,87,90,4.34
cidreira,BR,-30.18,-50.21,49.71,66,0,6.53
nouadhibou,MR,20.93,-17.03,69.8,88,4,11.41
okha,RU,53.57,142.95,69.35,72,100,8.75
gravelbourg,CA,49.88,-106.55,70.14,46,26,17.16
cabo san lucas,MX,22.89,-109.91,91.99,49,5,11.41
mitu,CO,1.2,-70.17,72.41,94,100,1.12
la carolina,ES,38.28,-3.62,79,50,0,3
mazagao,BR,-0.12,-51.29,84.2,74,20,6.93
petrozavodsk,RU,61.78,34.35,57.2,76,100,8.95
machico,PT,32.7,-16.77,69.8,68,20,10.29
rawson,AR,-43.3,-65.1,42.42,70,100,2.39
itoman,JP,26.12,127.67,86,84,75,17.22
lavrentiya,RU,65.58,-171,48.88,83,95,5.37
auki,SB,-8.77,160.7,81.9,67,100,6.53
simao,CN,22.79,100.97,69.67,88,100,2.98
eureka,US,40.8,-124.16,69.01,8,0,5.01
thyboron,DK,56.7,8.21,53.01,64,0,10.16
teahupoo,PF,-17.83,-149.27,78.8,83,75,8.05
mananjary,MG,-21.22,48.33,66.25,90,44,11.88
yuli,NG,9.7,10.27,74.32,86,84,4.09
chapais,CA,49.78,-74.85,69.8,56,90,8.05
mahebourg,MU,-20.41,57.7,68,88,75,11.41
denpasar,ID,-8.65,115.22,78.8,94,40,13.87
moroni,KM,-11.7,43.26,73.35,78,8,21.34
petropavlovsk-kamchatskiy,RU,53.05,158.65,59,87,90,8.95
inuvik,CA,68.35,-133.72,64.4,55,75,4.7
gornopravdinsk,RU,60.05,69.9,71.26,90,100,6.38
abrau-dyurso,RU,44.69,37.59,69.8,49,5,6.71
meyungs,NA,NA,NA,NA,NA,NA,NA
fortuna foothills,US,32.66,-114.41,109.4,15,1,5.82
samalaeulu,NA,NA,NA,NA,NA,NA,NA
kavaratti,IN,10.57,72.64,82.81,78,100,20.65
tumannyy,NA,NA,NA,NA,NA,NA,NA
aksu,CN,41.12,80.26,76.89,35,0,2.89
roald,NO,62.58,6.13,53.6,93,37,3.36
hervey bay,AU,-25.3,152.85,64,47,0,8.99
atuona,PF,-9.8,-139.03,79.34,76,1,16.96
coihaique,CL,-45.58,-72.07,33.8,100,90,2.24
batagay-alyta,RU,67.8,130.41,53.64,50,87,10.83
shimanovsk,RU,52,127.7,86.05,46,100,3.65
wageningen,NL,51.97,5.67,60.01,100,90,1.12
gimli,CA,50.63,-96.99,68.59,77,33,8.84
meulaboh,ID,4.14,96.13,79.09,86,62,4.14
kuusamo,FI,65.97,29.18,48.2,100,39,4.7
san pedro,PH,14.35,121.02,87.01,71,45,3
sambava,MG,-14.27,50.17,68.02,83,0,10.94
chernyshevskiy,RU,63.01,112.47,61.92,79,57,10.83
edgewater,US,28.99,-80.9,80.6,83,75,6.85
harper,LR,4.38,-7.72,75.51,73,100,7.52
turbat,PK,26,63.04,81.79,79,0,4.54
graham,US,47.05,-122.29,84.99,32,1,8.05
yangambi,CD,0.81,24.43,69.96,93,99,0.72
ceske velenice,CZ,48.77,14.96,57,91,68,1.99
muisne,EC,0.6,-80.03,74.77,85,100,7.76
geraldton,AU,-28.77,114.6,60.8,82,90,8.05
port blair,IN,11.67,92.75,80.04,83,100,11.12
deep river,CA,46.1,-77.5,75.2,57,20,8.39
matara,LK,5.95,80.54,77.85,86,100,5.46
saint-pierre,RE,-21.34,55.48,66.2,63,22,5.82
bubaque,GW,11.28,-15.83,78.96,86,100,22.66
mahanje,TZ,-9.93,35.33,55.4,77,23,5.19
lebu,CL,-37.62,-73.65,51.48,91,100,3.76
los llanos de aridane,ES,28.66,-17.92,71.6,73,13,14.99
knysna,ZA,-34.04,23.05,44.6,42,99,4.7
quatre cocos,MU,-20.21,57.76,68,88,75,11.41
san policarpo,PH,12.18,125.51,84.99,71,100,10.04
sisimiut,GL,66.94,-53.67,43.61,78,96,3.33
caravelas,BR,-17.71,-39.25,72.34,83,23,9.78
rawah,IQ,34.48,41.91,83.41,17,0,10.71
qandahar,NA,NA,NA,NA,NA,NA,NA
verkhniy rohachyk,UA,47.25,34.34,61.32,62,0,1.77
camacupa,AO,-12.02,17.48,46.09,49,0,5.1
kastamonu,TR,41.5,33.67,60.62,90,100,1.5
aykhal,RU,66,111.5,62.6,77,90,8.95
broken hill,AU,-31.95,141.43,55.4,43,0,4.94
mitchell,US,43.71,-98.03,80.6,44,1,5.82
louisbourg,NA,NA,NA,NA,NA,NA,NA
avera,US,33.19,-82.53,87.8,74,1,4.7
palabuhanratu,NA,NA,NA,NA,NA,NA,NA
los banos,PH,14.17,121.18,88,70,4,4
daru,PG,-9.08,143.21,78.58,85,90,19.1
klaksvik,FO,62.23,-6.59,51.8,100,100,9.17
grand gaube,MU,-20.01,57.66,66.99,86,0,5.01
matay,EG,28.42,30.78,72.18,78,0,14.76
galiwinku,NA,NA,NA,NA,NA,NA,NA
sioux lookout,CA,50.1,-91.92,73.4,43,75,12.75
pampa,US,35.54,-100.96,91.4,38,1,17.22
miraflores,MX,19.22,-98.81,71.6,46,90,13.87
le port,RE,-20.94,55.29,69.8,68,20,11.41
iquique,CL,-20.22,-70.14,59,77,20,11.41
kirakira,SB,-10.45,161.92,83.43,68,96,2.15
muros,ES,42.78,-9.06,62.01,75,0,7
tuggurt,NA,NA,NA,NA,NA,NA,NA
herat,AF,34.5,62,74.61,37,0,32.57
hualmay,PE,-11.1,-77.61,61.03,84,30,10.31
huejuquilla el alto,MX,22.6,-103.87,75.74,51,39,5.75
necochea,AR,-38.55,-58.74,39.99,81,1,4
belushya guba,NA,NA,NA,NA,NA,NA,NA
novyy urengoy,RU,66.08,76.63,51.75,82,59,29.1
mabaruma,GY,8.2,-59.78,75.52,92,100,3.04
jumla,NP,29.27,82.18,64.4,66,49,0.58
bur gabo,NA,NA,NA,NA,NA,NA,NA
ravar,IR,31.27,56.81,77.61,25,63,3.94
mezobereny,HU,46.82,21.03,55.99,90,0,0.38
vestmannaeyjar,IS,63.44,-20.27,53.04,93,100,21.97
manicore,BR,-5.81,-61.3,75.58,54,0,1.23
safaga,EG,26.73,33.94,83.34,48,0,15.66
port-gentil,GA,-0.72,8.78,74.05,80,100,9.28
olgiate olona,IT,45.64,8.88,64,88,47,4.7
malanje,AO,-9.54,16.34,59.18,33,0,6.62
gedo,ET,9.02,37.45,52.14,100,100,3.04
ahumada,NA,NA,NA,NA,NA,NA,NA
la ronge,CA,55.1,-105.28,66.2,63,75,17.22
karatau,KZ,43.17,70.47,71.11,40,0,3.2
port hardy,CA,50.7,-127.42,71.6,73,75,11.41
nizhniy chir,RU,48.36,43.09,64.92,62,73,4.99
santiago del estero,AR,-27.8,-64.26,51.4,46,16,7.11
umzimvubu,NA,NA,NA,NA,NA,NA,NA
loksa,EE,59.58,25.72,57.2,82,100,5.82
ust-tsilma,RU,65.44,52.15,48.36,75,100,8.19
samusu,NA,NA,NA,NA,NA,NA,NA
sol-iletsk,RU,51.16,54.99,75.88,34,0,8.16
marau,BR,-28.45,-52.2,47.73,69,93,7.02
nakamura,JP,32.98,132.93,77.04,67,100,4
adrar,MR,20.5,-10.07,92.61,23,5,12.75
sobolevo,RU,54.43,31.9,51.93,89,100,13.49
novobiryusinskiy,RU,56.96,97.71,58.71,56,2,6.96
thaba-tseka,LS,-29.52,28.61,26.58,77,0,0.89
te anau,NZ,-45.42,167.72,39.34,72,46,1.03
burnie,AU,-41.07,145.92,51.01,60,24,7
kidal,ML,18.44,1.41,81.7,55,37,7.11
abu samrah,SY,35.3,37.18,71.64,64,0,6.29
townsville,AU,-19.25,146.8,71.6,30,4,4.7
pietarsaari,FI,63.65,22.68,57,93,84,2.24
awbari,LY,26.59,12.78,80.51,24,0,8.25
capreol,CA,46.71,-80.92,69.8,83,90,5.82
saqqez,IR,36.25,46.27,61.38,60,0,2.37
bengkulu,ID,-3.8,102.27,79.9,76,68,3.74
voi,KE,-3.39,38.56,69.21,69,83,12.57
shymkent,KZ,42.3,69.6,77.34,25,0,6.91
cockburn town,TC,21.46,-71.14,81.68,81,100,16.02
blagoyevo,RU,63.37,47.92,51.8,94,100,11.03
fort frances,CA,48.6,-93.4,79,57,1,5.82
stendal,DE,52.6,11.85,55.99,95,39,7.65
peyima,SL,8.7,-11.03,66.63,99,52,2.62
mareeba,AU,-17,145.43,73.4,35,0,10.29
moron,AR,-34.65,-58.62,53.01,64,42,7.92
srednekolymsk,RU,67.45,153.68,47.88,62,99,7.9
honiara,SB,-9.43,159.95,82.4,78,75,9.17
vung tau,VN,10.35,107.08,83.41,75,19,7.09
hambantota,LK,6.12,81.12,77,100,20,4.7
santa cruz do capibaribe,BR,-7.96,-36.2,65.64,95,25,7.56
palmer,US,42.16,-72.33,75.2,64,75,6.93
novichikha,RU,52.2,81.39,60.67,64,19,15.17
vlasotince,RS,42.96,22.12,66.2,77,97,2.24
awjilah,LY,29.11,21.29,77.34,44,0,10.74
tura,IN,25.52,90.22,76.48,93,96,5.97
hazorasp,UZ,41.32,61.07,73.4,49,0,4.7
zhongshu,CN,24.52,103.77,69.01,77,96,9.19
tasiilaq,GL,65.61,-37.64,42.8,81,0,4.7
wlodawa,PL,51.55,23.55,57.99,83,80,4.52
adelaide,AU,-34.93,138.6,55.99,54,20,6.93
midland,US,32,-102.08,104,14,1,12.75
skagastrond,NA,NA,NA,NA,NA,NA,NA
novopokrovka,UA,49.84,36.55,51.8,93,100,2.84
praya,CV,14.92,-23.51,77,78,20,6.93
kedrovyy,RU,56.17,91.82,57.2,71,87,6.71
trapani,IT,37.83,12.67,71.6,83,0,3.36
turukhansk,RU,65.82,87.98,49.71,81,100,11.52
ibra,OM,22.69,58.53,86.16,50,100,1.68
filiates,GR,39.6,20.31,71.6,68,40,2.66
lasa,IT,46.62,10.7,50,100,40,4.7
beroroha,MG,-21.67,45.17,62.64,70,13,5.64
kungalv,SE,57.87,11.98,51.01,94,10,0.36
upington,ZA,-28.45,21.26,37.4,37,0,5.82
axim,GH,4.87,-2.24,73.94,85,100,8.37
artyk,NA,NA,NA,NA,NA,NA,NA
fremont,US,37.55,-121.99,82,53,1,14.99
tiarei,PF,-17.53,-149.33,78.8,83,75,8.05
onokhoy,RU,51.93,108.07,62.6,67,90,11.18
ayan,RU,56.45,138.17,58.6,85,100,12.39
okakarara,NA,-20.58,17.43,34.81,71,0,6.6
mustvee,EE,58.85,26.94,55,81,100,4.7
jiuquan,CN,39.74,98.52,75.13,26,100,7.92
kamenka,RU,51.32,42.77,57,80,9,1.99
bartica,GY,6.4,-58.62,78.8,94,20,4.7
nizhneyansk,NA,NA,NA,NA,NA,NA,NA
atambua,ID,-9.11,124.89,78.67,56,89,6.38
muriwai beach,NZ,-36.82,174.45,59,96,98,5.01
lorengau,PG,-2.02,147.27,85.03,63,0,6.62
haines junction,CA,60.75,-137.51,64.92,42,70,8.77
poya,NC,-21.35,165.15,73.69,46,5,8.12
longyearbyen,SJ,78.22,15.64,44.6,81,75,2.24
la asuncion,VE,11.03,-63.86,71.6,100,20,12.75
avondale,US,33.44,-112.35,109.99,15,5,5.82
cayenne,GF,4.93,-52.33,78.8,94,33,2.24
fairbanks,US,64.84,-147.72,73.99,35,40,13.87
acajutla,SV,13.59,-89.83,69.8,100,40,3
nizwa,OM,22.93,57.53,87.19,42,35,0.22
trat,TH,12.5,102.5,81.41,80,72,2.98
suaza,CO,1.98,-75.79,66.11,86,100,3.49
yakeshi,CN,49.28,120.73,79.97,52,100,5.01
ambilobe,MG,-13.2,49.05,66.72,88,50,2.15
iqaluit,CA,63.75,-68.51,62.6,36,20,3.36
ciudad guayana,VE,8.35,-62.65,76.62,87,100,6.8
chukhloma,RU,58.75,42.68,55.85,98,2,6.93
sorland,NO,67.67,12.69,55.09,85,100,1.14
henties bay,NA,-22.12,14.28,73,16,0,4
bathsheba,BB,13.22,-59.52,82.4,74,20,12.75
namibe,AO,-15.2,12.15,64.49,85,0,8.59
ishigaki,JP,24.34,124.16,87.8,79,75,24.16
galesong,ID,-5.32,119.37,80.6,83,20,3.36
berlevag,NO,70.86,29.09,54.54,70,52,13.29
jizan,SA,17.33,42.67,89.6,70,40,4.7
nguiu,NA,NA,NA,NA,NA,NA,NA
clarksdale,US,34.2,-90.57,89.6,70,65,9.8
petropavlovskoye,RU,52.07,84.11,58.06,80,26,7.56
north bend,US,43.41,-124.22,82,82,75,26.4
raudeberg,NO,61.99,5.14,55.4,93,1,2.21
aklavik,CA,68.22,-135.01,64.4,55,75,4.7
liverpool,GB,53.41,-2.98,59,93,75,11.41
shawnee,US,39.05,-95.77,82.4,65,20,9.17
muzaffarabad,PK,34.37,73.47,73.99,66,100,6.38
nukus,UZ,42.45,59.61,75.2,41,0,6.93
khorramshahr,IR,30.44,48.17,87.8,38,0,4.7
athabasca,CA,54.72,-113.29,69.21,68,21,8.37
praia da vitoria,PT,38.73,-27.07,69.8,77,75,11.05
sinkat,NA,NA,NA,NA,NA,NA,NA
bakchar,RU,57.02,82.07,64.65,65,75,8.28
sola,VU,-13.88,167.55,84.2,74,20,5.82
shimoda,JP,34.67,138.95,69.8,88,75,10.29
oktyabrskiy,RU,54.48,53.47,70.41,86,64,1.63
baykit,RU,61.67,96.37,56.28,60,34,9.42
savonlinna,FI,61.87,28.88,50,93,100,4.7
kontagora,NG,10.4,5.47,71.56,95,100,5.08
souillac,MU,-20.52,57.52,68,88,75,11.41
celestun,MX,20.87,-90.4,85.93,72,0,16.49
oranjemund,NA,-28.55,16.43,59.4,33,0,15.79
maceio,BR,-9.67,-35.74,73.4,88,75,8.05
maniwaki,CA,46.38,-75.97,67.05,79,100,5.66
manaure,CO,11.78,-72.44,80.8,76,0,17.96
tateyama,JP,34.98,139.87,72,88,75,10.29
miranorte,NA,NA,NA,NA,NA,NA,NA
puerto asis,CO,0.51,-76.5,70.77,95,100,2.35
manchar,IN,19,73.93,71.6,92,100,8.86
altay,CN,47.87,88.12,71.92,38,0,4.63
richards bay,ZA,-28.78,32.04,54.34,72,15,5.66
vostok,RU,46.49,135.88,73.02,65,99,2.98
juneau,US,58.3,-134.42,60.8,77,90,3.36
acapulco,MX,16.86,-99.89,87.8,74,75,3.36
pirgos,GR,35.12,25.72,78.01,31,0,14
comodoro rivadavia,AR,-45.87,-67.5,37.4,74,75,3.36
qafsah,NA,NA,NA,NA,NA,NA,NA
natal,BR,-5.79,-35.21,75.2,94,40,4.7
jian,CN,27.12,114.98,86.7,72,100,5.75
pokhara,NP,28.23,83.98,72.91,86,99,1.16
haibowan,NA,NA,NA,NA,NA,NA,NA
chino valley,US,34.76,-112.45,93.99,16,1,10.29
isangel,VU,-19.55,169.27,78.8,83,20,4.7
velsk,RU,61.07,42.1,55.92,91,100,7
san quintin,MX,30.48,-115.95,70.72,72,0,17.56
ubinskoye,RU,55.31,79.68,62.89,76,33,1.88
karratha,AU,-20.74,116.85,71.06,28,0,16.82
lipin bor,RU,60.26,37.98,55.44,96,100,11.79
nome,US,64.5,-165.41,51.8,81,90,8.05
qasigiannguit,GL,68.82,-51.19,46.4,70,96,3.36
tartagal,AR,-22.52,-63.8,53.58,72,0,0.56
vestmanna,FO,62.16,-7.17,51.8,100,100,9.17
opotiki,NZ,-38.08,177.28,50,89,100,4
wladyslawowo,PL,54.79,18.4,61,100,92,5.82
bilibino,RU,68.05,166.44,49.75,87,100,2.8
yanan,NA,NA,NA,NA,NA,NA,NA
turinsk,RU,58.05,63.7,71.35,84,81,7.63
galveston,US,29.37,-94.97,88,70,1,17.22
pitsunda,GE,43.16,40.34,68,82,0,2.24
olafsvik,IS,64.89,-23.71,50.56,91,100,20.71
paragominas,BR,-2.97,-47.48,75.78,73,34,4.52
vanimo,PG,-2.67,141.3,85.93,63,13,5.5
levelland,US,33.59,-102.38,100.99,21,20,12.75
kondinskoye,RU,59.65,67.41,74.77,78,46,8.95
lata,PT,40.16,-8.33,73.99,73,0,3.62
izhma,RU,65.01,53.91,50.79,69,100,8.08
santiago,CL,-33.46,-70.65,51.8,81,0,10.29
tigil,RU,57.8,158.67,54.95,95,100,7.56
ponta delgada,PT,37.73,-25.67,68,68,75,10.29
collie,AU,-33.37,116.15,60.01,95,100,9.8
dickinson,US,29.46,-95.05,89.6,62,40,14.99
victor harbor,AU,-35.57,138.62,55.99,92,70,1.01
sistranda,NO,63.73,8.83,55.4,93,75,2.24
egvekinot,RU,66.32,-179.17,53.28,78,75,6.51
ponte de sor,PT,39.25,-8.01,77,58,0,7.99
cherskiy,RU,68.75,161.3,49.23,55,100,4.9
atar,MR,20.52,-13.05,91.56,20,0,7.16
sunrise manor,US,36.21,-115.07,107.6,9,1,6.93
aqtobe,KZ,50.28,57.21,76.68,40,0,7.92
doka,SD,13.52,35.77,71.64,85,100,11.45
mercedes,AR,-34.65,-59.43,46,59,100,8.79
nileshwar,IN,12.25,75.1,75.2,94,75,3.36
ambulu,ID,-8.35,113.61,77.97,77,1,3.85
cabo rojo,PR,18.09,-67.15,79,94,2,1.01
porto murtinho,BR,-21.7,-57.88,74.25,63,8,2.8
tezu,IN,27.92,96.17,77.09,85,100,0.78
dakar,SN,14.69,-17.44,78.8,78,20,5.14
aljezur,PT,37.32,-8.8,79,63,0,1.21
bolungarvik,NA,NA,NA,NA,NA,NA,NA
komsomolskiy,UZ,40.43,71.72,77,36,100,6.93
hailar,CN,49.2,119.7,77.36,62,100,6.64
cam ranh,VN,11.92,109.16,87.8,70,20,9.17
seoul,KR,37.57,126.98,77,61,1,2.55
khani,GE,41.96,42.96,71.6,94,75,2.24
fortuna,US,40.6,-124.16,62.6,72,1,12.75
rocha,UY,-34.48,-54.33,38.89,80,0,4.83
dunedin,NZ,-45.87,170.5,46,67,9,15.01
luanda,AO,-8.84,13.23,69.8,94,40,1.12
pointe michel,DM,15.25,-61.38,79.97,78,0,10.38
khonuu,NA,NA,NA,NA,NA,NA,NA
sao felix do xingu,BR,-6.64,-51.99,74.86,54,18,2.3
marawi,PH,8,124.29,82,74,13,1.86
bossembele,NA,NA,NA,NA,NA,NA,NA
mananara,MG,-16.17,49.77,66.78,90,43,4.74
ola,RU,59.58,151.28,59.95,81,73,4.76
cazaje,NA,NA,NA,NA,NA,NA,NA
vega de alatorre,MX,20.03,-96.63,82.92,79,83,12.97
gouyave,GD,12.16,-61.73,82.4,83,20,12.75
sawakin,SD,19.11,37.33,84.63,39,0,4.03
mahanoro,MG,-19.9,48.8,66.51,89,100,8.7
aflu,NA,NA,NA,NA,NA,NA,NA
skalistyy,NA,NA,NA,NA,NA,NA,NA
coromandel,BR,-18.47,-47.2,67.05,49,33,2.71
erdenet,MN,49.03,104.08,50.34,80,100,12.8
tulun,RU,54.56,100.58,54.43,65,84,9.78
yumen,CN,40.28,97.2,75.25,19,1,7.94
husavik,IS,66.04,-17.34,55.4,71,75,9.17
arman,RU,59.7,150.17,63.34,67,31,5.01
yanam,IN,16.73,82.22,76.5,91,99,5.73
samana,DO,19.21,-69.34,78.1,85,42,7.47
labutta,NA,NA,NA,NA,NA,NA,NA
qaqortoq,GL,60.72,-46.03,51.8,66,4,4.7
asau,RO,46.43,26.4,60.01,82,100,4.27
balykshi,NA,NA,NA,NA,NA,NA,NA
san patricio,MX,19.22,-104.7,86,74,75,23.04
cascais,PT,38.7,-9.42,82.99,32,0,3
saint-augustin,CA,51.23,-58.65,52,74,0,4.76
buckeye,US,33.37,-112.58,109.4,12,0,8.05
turka,UA,49.15,23.03,55.99,86,100,5.99
holme,DK,56.11,10.17,51.8,100,0,2.24
zhob,PK,31.34,69.45,81.59,41,0,2.64
tres lagoas,BR,-20.75,-51.68,75.76,54,79,9.15
batemans bay,AU,-35.72,150.18,57,73,74,3
mackay,AU,-21.15,149.2,66,42,0,13.87
mattru,SL,7.62,-11.83,72.09,92,98,4.32
biskamzha,RU,53.45,89.53,58.32,58,88,2.91
mlandizi,TZ,-6.7,38.73,73.4,88,20,9.17
dingle,PH,11,122.67,80.67,84,99,6.51
guanare,VE,9.04,-69.74,74.59,91,100,2.62
zalantun,CN,48,122.72,88.02,38,56,4.94
fukue,JP,32.69,128.84,71.6,88,75,5.82
portland,US,45.52,-122.68,88,33,1,12.75
inhambane,MZ,-23.86,35.38,62.53,72,21,12.75
kalisz,PL,51.76,18.09,62.01,80,96,4
tucurui,BR,-3.77,-49.67,81.72,60,85,2.3
sines,PT,37.96,-8.87,66.99,86,0,5.01
ahipara,NZ,-35.17,173.17,63.14,84,100,8.12
cap malheureux,MU,-19.98,57.61,66.99,86,1,5.01
abu dhabi,AE,24.47,54.37,93.2,75,0,8.05
grand centre,NA,NA,NA,NA,NA,NA,NA
rolim de moura,NA,NA,NA,NA,NA,NA,NA
bhojudih,IN,23.63,86.45,81.07,82,94,5.57
chapleau,CA,47.84,-83.4,69.8,60,90,4.7
passira,BR,-8,-35.58,68.13,91,0,7.72
elizabeth city,US,36.29,-76.25,79,70,16,6.13
mount gambier,AU,-37.83,140.77,42.8,100,40,8.05
alofi,NU,-19.06,-169.92,78.8,65,75,13.87
nemuro,JP,43.32,145.57,53.6,93,75,3.36
chagda,NA,NA,NA,NA,NA,NA,NA
sorvag,NA,NA,NA,NA,NA,NA,NA
minab,IR,27.15,57.08,89.6,75,0,9.17
mount pleasant,US,32.79,-79.86,86,83,40,4.7
saint anthony,US,45.02,-93.22,81,26,1,8.05
dalen,NL,52.7,6.76,57,92,92,1.01
pangnirtung,CA,66.15,-65.71,59.81,36,94,2.51
bongandanga,CD,1.5,21.05,70.12,96,100,1.77
taksimo,RU,56.34,114.88,80.2,49,19,4.34
moose factory,CA,51.26,-80.61,78.8,54,1,9.17
martapura,ID,-3.42,114.85,75.2,100,99,3.36
fairfield,US,41.27,-73.32,72,73,1,6.93
ketchikan,US,55.34,-131.65,57.2,100,90,17.22
bandarbeyla,SO,9.49,50.81,82.36,60,1,27.58
bowen,AU,-20.02,148.23,69.01,48,0,10.29
tabas,IR,33.6,56.92,86,25,14,4.7
pauini,BR,-7.71,-66.98,78.62,64,35,1.16
tabou,CI,4.42,-7.35,74.34,78,100,7.36
waingapu,ID,-9.66,120.26,78.19,69,62,14
riberalta,BO,-10.98,-66.1,79.97,63,81,1.92
badvel,IN,14.75,79.05,76.48,85,100,8.28
maghama,NA,NA,NA,NA,NA,NA,NA
sladkovo,RU,55.53,70.34,66.94,75,0,3.89
prieska,ZA,-29.66,22.75,38.08,62,0,4.79
